<?xml version="1.0" encoding="windows-1252"?>
<beans xmlns="http://www.springframework.org/schema/beans"
       xmlns:xsi="http://www.w3.org/2001/XMLSchema-instance"
       xmlns:p="http://www.springframework.org/schema/p"
       xmlns:context="http://www.springframework.org/schema/context"
       xmlns:mvc="http://www.springframework.org/schema/mvc"
       xmlns:aop="http://www.springframework.org/schema/aop"
       xmlns:tx="http://www.springframework.org/schema/tx"
       xsi:schemaLocation="
       http://www.springframework.org/schema/beans
       http://www.springframework.org/schema/beans/spring-beans-3.0.xsd
       http://www.springframework.org/schema/context
       http://www.springframework.org/schema/context/spring-context-3.0.xsd
       http://www.springframework.org/schema/mvc
       http://www.springframework.org/schema/mvc/spring-mvc-3.0.xsd
       http://www.springframework.org/schema/aop
       http://www.springframework.org/schema/aop/spring-aop-3.0.xsd
       http://www.springframework.org/schema/tx
       http://www.springframework.org/schema/tx/spring-tx-3.0.xsd">
 
  <!-- Use @Component annotations for bean definitions -->
  <context:component-scan base-package="guest"/>
 
  <!-- Use @Controller annotations for MVC controller definitions -->
  <mvc:annotation-driven />
 
  <!-- Add JPA support -->
  <bean id="emf" class=
       "org.springframework.orm.jpa.LocalContainerEntityManagerFactoryBean">
     <property name="loadTimeWeaver">
        <bean class=
 "org.springframework.instrument.classloading.InstrumentationLoadTimeWeaver"/>
      </property>
  </bean>
 
  <!-- Add Transaction support -->
  <bean id="myTxManager"
     class="org.springframework.orm.jpa.JpaTransactionManager">
        <property name="entityManagerFactory" ref="emf"/>
  </bean>
 
  <!-- Use @Transaction annotations for managing transactions -->
  <tx:annotation-driven transaction-manager="myTxManager" />
 
  <!-- View resolver -->
 <bean class=
     "org.springframework.web.servlet.view.InternalResourceViewResolver">
   <property name="prefix" value="/WEB-INF/"/>
   <property name="suffix" value=".jsp" />
 </bean>
 
</beans>